{"B2":751319.4404627609,"B2_hs":28952.91789548353,"B2_reduced":25.94969678617304,"sigma":24.0}
