{"B2":-103206.25432034415,"B2_hs":28952.91789548353,"B2_reduced":-3.564623596588987,"sigma":24.0,"kD":0.006282345142348646}
