{"B2":-92297.64681385987,"B2_hs":28952.91789548353,"B2_reduced":-3.1878530221735515,"sigma":24.0,"kD":0.00684755189039498}
