{"B2":-100664.46110622352,"B2_hs":28952.91789548353,"B2_reduced":-3.476833024899592,"sigma":24.0,"kD":0.0064055417566805505}
