{"B2":-94739.75106976401,"B2_hs":28952.91789548353,"B2_reduced":-3.27220045356958,"sigma":24.0,"kD":0.006712358464996775}
