{"B2":308322.60476369335,"B2_hs":28952.91789548353,"B2_reduced":10.649102998070868,"sigma":24.0}
