{"B2":-100553.98907644392,"B2_hs":28952.91789548353,"B2_reduced":-3.47301744989681,"sigma":24.0,"kD":0.006411005814283687}
