{"B2":625956.1512128485,"B2_hs":28952.91789548353,"B2_reduced":21.61979505735737,"sigma":24.0}
