{"B2":127002.74690379384,"B2_hs":28952.91789548353,"B2_reduced":4.386526683157053,"sigma":24.0}
