{"B2":230306.41086881206,"B2_hs":28952.91789548353,"B2_reduced":7.9545146952093,"sigma":24.0}
