{"B2":41048.243511183755,"B2_hs":28952.91789548353,"B2_reduced":1.4177584331694257,"sigma":24.0}
