{"B2":818090.4257517457,"B2_hs":28952.91789548353,"B2_reduced":28.255888705413092,"sigma":24.0}
