{"B2":249952.57162106072,"B2_hs":28952.91789548353,"B2_reduced":8.633070163199397,"sigma":24.0}
