{"B2":89125.26462999654,"B2_hs":28952.91789548353,"B2_reduced":3.0782826432806454,"sigma":24.0}
