{"B2":102717.14374985342,"B2_hs":28952.91789548353,"B2_reduced":3.547730288209626,"sigma":24.0}
