{"B2":289272.7425955143,"B2_hs":28952.91789548353,"B2_reduced":9.99114298737534,"sigma":24.0}
