{"B2":230190.72187566472,"B2_hs":28952.91789548353,"B2_reduced":7.950518932379282,"sigma":24.0}
