{"B2":-111472.92621863757,"B2_hs":28952.91789548353,"B2_reduced":-3.85014479787637,"sigma":24.0,"kD":0.005912512321536632}
