{"B2":176306.4543467988,"B2_hs":28952.91789548353,"B2_reduced":6.089419207530081,"sigma":24.0}
