{"B2":631263.5356711512,"B2_hs":28952.91789548353,"B2_reduced":21.80310592355268,"sigma":24.0}
