{"B2":849999.4455577276,"B2_hs":28952.91789548353,"B2_reduced":29.35798901603358,"sigma":24.0}
