{"B2":-105234.16241783004,"B2_hs":28952.91789548353,"B2_reduced":-3.6346651759837267,"sigma":24.0,"kD":0.006187402927676241}
