{"B2":87024.94720704432,"B2_hs":28952.91789548353,"B2_reduced":3.0057401302761146,"sigma":24.0}
