{"B2":51230.20861037133,"B2_hs":28952.91789548353,"B2_reduced":1.769431626729509,"sigma":24.0}
