{"B2":718688.2362073361,"B2_hs":28952.91789548353,"B2_reduced":24.822653067359642,"sigma":24.0}
