{"B2":139503.9859558724,"B2_hs":28952.91789548353,"B2_reduced":4.818304892773316,"sigma":24.0}
