{"B2":597641.1689362819,"B2_hs":28952.91789548353,"B2_reduced":20.64182860925082,"sigma":24.0}
