{"B2":859647.2802652783,"B2_hs":28952.91789548353,"B2_reduced":29.69121396912391,"sigma":24.0}
