{"B2":721690.8998191769,"B2_hs":28952.91789548353,"B2_reduced":24.926361564813337,"sigma":24.0}
