{"B2":49320.00911133583,"B2_hs":28952.91789548353,"B2_reduced":1.7034555649753504,"sigma":24.0}
