{"B2":317252.59341963154,"B2_hs":28952.91789548353,"B2_reduced":10.95753438616703,"sigma":24.0}
