{"B2":160706.80006095444,"B2_hs":28952.91789548353,"B2_reduced":5.550625351167928,"sigma":24.0}
