{"B2":147058.10083107886,"B2_hs":28952.91789548353,"B2_reduced":5.079215205940227,"sigma":24.0}
