{"B2":-87608.10557448705,"B2_hs":28952.91789548353,"B2_reduced":-3.0258817398212345,"sigma":24.0,"kD":0.007123046013754539}
