{"B2":-92784.2074836443,"B2_hs":28952.91789548353,"B2_reduced":-3.204658259957904,"sigma":24.0,"kD":0.006820183497854101}
