{"B2":-86027.28626898145,"B2_hs":28952.91789548353,"B2_reduced":-2.971282085609795,"sigma":24.0,"kD":0.00722097807722906}
