{"B2":175947.04040609475,"B2_hs":28952.91789548353,"B2_reduced":6.077005469405257,"sigma":24.0}
