{"B2":-69381.03527414546,"B2_hs":89797.19001510825,"B2_reduced":-0.7726414964930661,"sigma":35.0,"kD":0.005215974308534873}
