{"B2":120014.35987311562,"B2_hs":89797.19001510825,"B2_reduced":1.3365046261795428,"sigma":35.0}
