{"B2":-68820.97885999648,"B2_hs":89797.19001510825,"B2_reduced":-0.766404592932334,"sigma":35.0,"kD":0.00523439111342077}
