{"B2":-77168.53632758961,"B2_hs":89797.19001510825,"B2_reduced":-0.8593647119092046,"sigma":35.0,"kD":0.0049726944072509315}
