{"B2":724801.4560230363,"B2_hs":89797.19001510825,"B2_reduced":8.071538273091724,"sigma":35.0}
