{"B2":-46696.05704160502,"B2_hs":89797.19001510825,"B2_reduced":-0.5200169073636767,"sigma":35.0,"kD":0.006082861617629657}
