{"B2":900088.5340586662,"B2_hs":89797.19001510825,"B2_reduced":10.023571271074601,"sigma":35.0}
