{"B2":-184342.87084748654,"B2_hs":89797.19001510825,"B2_reduced":-2.0528801716008163,"sigma":35.0,"kD":0.00302863263024908}
