{"B2":-138326.36307992545,"B2_hs":89797.19001510825,"B2_reduced":-1.5404308648929017,"sigma":35.0,"kD":0.003639560765744528}
