{"B2":-5464.066524997103,"B2_hs":89797.19001510825,"B2_reduced":-0.060848970041020016,"sigma":35.0,"kD":0.008715710497030623}
