{"B2":-121115.64424659264,"B2_hs":89797.19001510825,"B2_reduced":-1.3487687557507657,"sigma":35.0,"kD":0.003936552920040532}
