{"B2":-182948.0842642748,"B2_hs":89797.19001510825,"B2_reduced":-2.037347540980893,"sigma":35.0,"kD":0.0030441206938619497}
