{"B2":29655.328101317093,"B2_hs":89797.19001510825,"B2_reduced":0.3302478406766139,"sigma":35.0,"kD":0.013805185060233954}
