{"B2":-85058.22610266347,"B2_hs":89797.19001510825,"B2_reduced":-0.9472259219731991,"sigma":35.0,"kD":0.00474832036674063}
