{"B2":242996.85901417167,"B2_hs":89797.19001510825,"B2_reduced":2.706063062477654,"sigma":35.0}
