{"B2":-84041.4528514921,"B2_hs":89797.19001510825,"B2_reduced":-0.9359029256634004,"sigma":35.0,"kD":0.00477609304752829}
