{"B2":-68275.42421362714,"B2_hs":89797.19001510825,"B2_reduced":-0.7603291840439538,"sigma":35.0,"kD":0.005252456522199985}
