{"B2":-432887.62284602807,"B2_hs":89797.19001510825,"B2_reduced":-4.820725712833501,"sigma":35.0,"kD":0.0015884707440457124}
