{"B2":-170327.5010580762,"B2_hs":89797.19001510825,"B2_reduced":-1.8968021274320368,"sigma":35.0,"kD":0.003191813626616983}
