{"B2":-170697.89945720154,"B2_hs":89797.19001510825,"B2_reduced":-1.9009269602810717,"sigma":35.0,"kD":0.0031872751815353495}
