{"B2":-32778.881922698725,"B2_hs":89797.19001510825,"B2_reduced":-0.36503237926692056,"sigma":35.0,"kD":0.006773504163261064}
