{"B2":-146339.85280655426,"B2_hs":89797.19001510825,"B2_reduced":-1.629670736711614,"sigma":35.0,"kD":0.0035160495094959192}
