{"B2":-65320.25553883923,"B2_hs":89797.19001510825,"B2_reduced":-0.727419817121774,"sigma":35.0,"kD":0.005352521959228425}
