{"B2":-114641.55227996747,"B2_hs":89797.19001510825,"B2_reduced":-1.2766719343966018,"sigma":35.0,"kD":0.004061214250616733}
