{"B2":-128268.9189576669,"B2_hs":89797.19001510825,"B2_reduced":-1.428429096011644,"sigma":35.0,"kD":0.0038074212333956935}
