{"B2":-80472.20973890575,"B2_hs":89797.19001510825,"B2_reduced":-0.8961550993451622,"sigma":35.0,"kD":0.004876211079538679}
