{"B2":451411.16569857654,"B2_hs":89797.19001510825,"B2_reduced":5.0270077006042975,"sigma":35.0}
