{"B2":672928.6921927162,"B2_hs":89797.19001510825,"B2_reduced":7.493872492886435,"sigma":35.0}
