{"B2":-80885.45083339629,"B2_hs":89797.19001510825,"B2_reduced":-0.9007570372724071,"sigma":35.0,"kD":0.004864405246247968}
