{"B2":-440990.03056493285,"B2_hs":89797.19001510825,"B2_reduced":-4.910955793725137,"sigma":35.0,"kD":0.0015642229153136164}
