{"B2":-261340.43418127284,"B2_hs":89797.19001510825,"B2_reduced":-2.9103408930424512,"sigma":35.0,"kD":0.0023645131605793904}
