{"B2":54406.07749998892,"B2_hs":89797.19001510825,"B2_reduced":0.6058772829175966,"sigma":35.0,"kD":0.023459831426102425}
