{"B2":-255191.7275823649,"B2_hs":89797.19001510825,"B2_reduced":-2.8418676301499994,"sigma":35.0,"kD":0.0024066556669964305}
