{"B2":-85023.51581601065,"B2_hs":89797.19001510825,"B2_reduced":-0.9468393810731223,"sigma":35.0,"kD":0.004749263135849504}
