{"B2":-74388.9401857481,"B2_hs":89797.19001510825,"B2_reduced":-0.8284105568696778,"sigma":35.0,"kD":0.005056879850759725}
