{"B2":-44766.01978352118,"B2_hs":89797.19001510825,"B2_reduced":-0.49852361500386994,"sigma":35.0,"kD":0.006170107972523854}
