{"B2":-86295.27837192015,"B2_hs":89797.19001510825,"B2_reduced":-0.9610019907905926,"sigma":35.0,"kD":0.004714963343929614}
