{"B2":-110269.74503057505,"B2_hs":89797.19001510825,"B2_reduced":-1.2279865885783545,"sigma":35.0,"kD":0.004149958779532158}
